{
	"formatVersion": 1,
	"appVersion": "0.47.3",
	"files": [
		{
			"isClone": false,
			"noteId": "chUaEmhOPlor",
			"notePath": [
				"chUaEmhOPlor"
			],
			"title": "melon-theme-3-fonts",
			"notePosition": 0,
			"prefix": null,
			"isExpanded": 0,
			"type": "text",
			"mime": "text/html",
			"attributes": [
				{
					"type": "label",
					"name": "viewType",
					"value": "grid",
					"isInheritable": false,
					"position": 20
				},
				{
					"type": "label",
					"name": "iconClass",
					"value": "bx bx-font-family",
					"isInheritable": true,
					"position": 10
				}
			],
			"format": "html",
			"dirFileName": "melon-theme-3-fonts",
			"children": [
				{
					"isClone": false,
					"noteId": "YWnoKaiUOZNC",
					"notePath": [
						"chUaEmhOPlor",
						"YWnoKaiUOZNC"
					],
					"title": "FiraCode",
					"notePosition": 200,
					"prefix": null,
					"isExpanded": 0,
					"type": "text",
					"mime": "text/html",
					"attributes": [],
					"format": "html",
					"dirFileName": "FiraCode",
					"children": [
						{
							"isClone": false,
							"noteId": "04f0f2hN3epf",
							"notePath": [
								"chUaEmhOPlor",
								"YWnoKaiUOZNC",
								"04f0f2hN3epf"
							],
							"title": "FiraCode-Regular.woff",
							"notePosition": 0,
							"prefix": null,
							"isExpanded": 0,
							"type": "file",
							"mime": "font/woff",
							"attributes": [
								{
									"type": "label",
									"name": "originalFileName",
									"value": "FiraCode-Regular.woff",
									"isInheritable": false,
									"position": 10
								},
								{
									"type": "label",
									"name": "customResourceProvider",
									"value": "fonts/FiraCode-Regular.woff",
									"isInheritable": false,
									"position": 20
								}
							],
							"dataFileName": "FiraCode-Regular.woff"
						},
						{
							"isClone": false,
							"noteId": "FjOvwDQW4FeC",
							"notePath": [
								"chUaEmhOPlor",
								"YWnoKaiUOZNC",
								"FjOvwDQW4FeC"
							],
							"title": "FiraCode-Bold.woff",
							"notePosition": 10,
							"prefix": null,
							"isExpanded": 0,
							"type": "file",
							"mime": "font/woff",
							"attributes": [
								{
									"type": "label",
									"name": "originalFileName",
									"value": "FiraCode-Bold.woff",
									"isInheritable": false,
									"position": 10
								},
								{
									"type": "label",
									"name": "customResourceProvider",
									"value": "fonts/FiraCode-Bold.woff",
									"isInheritable": false,
									"position": 20
								}
							],
							"dataFileName": "FiraCode-Bold.woff"
						}
					]
				},
				{
					"isClone": false,
					"noteId": "8WZKdk0f5bia",
					"notePath": [
						"chUaEmhOPlor",
						"8WZKdk0f5bia"
					],
					"title": "FiraSans",
					"notePosition": 210,
					"prefix": null,
					"isExpanded": 0,
					"type": "text",
					"mime": "text/html",
					"attributes": [],
					"format": "html",
					"dirFileName": "FiraSans",
					"children": [
						{
							"isClone": false,
							"noteId": "0nTRGKDaYAMu",
							"notePath": [
								"chUaEmhOPlor",
								"8WZKdk0f5bia",
								"0nTRGKDaYAMu"
							],
							"title": "FiraSans-Light.woff",
							"notePosition": 0,
							"prefix": null,
							"isExpanded": 0,
							"type": "file",
							"mime": "font/woff",
							"attributes": [
								{
									"type": "label",
									"name": "originalFileName",
									"value": "FiraSans-Light.woff",
									"isInheritable": false,
									"position": 10
								},
								{
									"type": "label",
									"name": "customResourceProvider",
									"value": "fonts/FiraSans-Light.woff",
									"isInheritable": false,
									"position": 20
								}
							],
							"dataFileName": "FiraSans-Light.woff"
						},
						{
							"isClone": false,
							"noteId": "Uronp9smeB2M",
							"notePath": [
								"chUaEmhOPlor",
								"8WZKdk0f5bia",
								"Uronp9smeB2M"
							],
							"title": "FiraSans-Regular.woff",
							"notePosition": 10,
							"prefix": null,
							"isExpanded": 0,
							"type": "file",
							"mime": "font/woff",
							"attributes": [
								{
									"type": "label",
									"name": "originalFileName",
									"value": "FiraSans-Regular.woff",
									"isInheritable": false,
									"position": 10
								},
								{
									"type": "label",
									"name": "customResourceProvider",
									"value": "fonts/FiraSans-Regular.woff",
									"isInheritable": false,
									"position": 20
								}
							],
							"dataFileName": "FiraSans-Regular.woff"
						},
						{
							"isClone": false,
							"noteId": "H6Tuv5WV0iho",
							"notePath": [
								"chUaEmhOPlor",
								"8WZKdk0f5bia",
								"H6Tuv5WV0iho"
							],
							"title": "FiraSans-SemiBold.woff",
							"notePosition": 20,
							"prefix": null,
							"isExpanded": 0,
							"type": "file",
							"mime": "font/woff",
							"attributes": [
								{
									"type": "label",
									"name": "originalFileName",
									"value": "FiraSans-SemiBold.woff",
									"isInheritable": false,
									"position": 10
								},
								{
									"type": "label",
									"name": "customResourceProvider",
									"value": "fonts/FiraSans-SemiBold.woff",
									"isInheritable": false,
									"position": 20
								}
							],
							"dataFileName": "FiraSans-SemiBold.woff"
						}
					]
				},
				{
					"isClone": false,
					"noteId": "OWAplupWVx0x",
					"notePath": [
						"chUaEmhOPlor",
						"OWAplupWVx0x"
					],
					"title": "FiraMono",
					"notePosition": 220,
					"prefix": null,
					"isExpanded": 0,
					"type": "text",
					"mime": "text/html",
					"attributes": [],
					"format": "html",
					"dirFileName": "FiraMono",
					"children": [
						{
							"isClone": false,
							"noteId": "Z0LR134GfW0q",
							"notePath": [
								"chUaEmhOPlor",
								"OWAplupWVx0x",
								"Z0LR134GfW0q"
							],
							"title": "FiraMono-Regular.woff",
							"notePosition": 0,
							"prefix": null,
							"isExpanded": 0,
							"type": "file",
							"mime": "font/woff",
							"attributes": [
								{
									"type": "label",
									"name": "customResourceProvider",
									"value": "fonts/FiraMono-Regular.woff",
									"isInheritable": false,
									"position": 20
								},
								{
									"type": "label",
									"name": "originalFileName",
									"value": "FiraMono-Regular.woff",
									"isInheritable": false,
									"position": 10
								}
							],
							"dataFileName": "FiraMono-Regular.woff"
						}
					]
				},
				{
					"isClone": false,
					"noteId": "ZVs8tl43IT4O",
					"notePath": [
						"chUaEmhOPlor",
						"ZVs8tl43IT4O"
					],
					"title": "RobotoSlab",
					"notePosition": 230,
					"prefix": null,
					"isExpanded": 0,
					"type": "text",
					"mime": "text/html",
					"attributes": [],
					"format": "html",
					"dirFileName": "RobotoSlab",
					"children": [
						{
							"isClone": false,
							"noteId": "BFP7Ud1jpk4N",
							"notePath": [
								"chUaEmhOPlor",
								"ZVs8tl43IT4O",
								"BFP7Ud1jpk4N"
							],
							"title": "roboto-slab-v11-latin-600.woff",
							"notePosition": 0,
							"prefix": null,
							"isExpanded": 0,
							"type": "file",
							"mime": "font/woff",
							"attributes": [
								{
									"type": "label",
									"name": "customResourceProvider",
									"value": "fonts/roboto-slab-v11-latin-600.woff",
									"isInheritable": false,
									"position": 20
								},
								{
									"type": "label",
									"name": "originalFileName",
									"value": "roboto-slab-v11-latin-600.woff",
									"isInheritable": false,
									"position": 10
								}
							],
							"dataFileName": "roboto-slab-v11-latin-600.woff"
						},
						{
							"isClone": false,
							"noteId": "PO2PIDizz5Ee",
							"notePath": [
								"chUaEmhOPlor",
								"ZVs8tl43IT4O",
								"PO2PIDizz5Ee"
							],
							"title": "roboto-slab-v11-latin-regular.woff",
							"notePosition": 10,
							"prefix": null,
							"isExpanded": 0,
							"type": "file",
							"mime": "font/woff",
							"attributes": [
								{
									"type": "label",
									"name": "originalFileName",
									"value": "roboto-slab-v11-latin-regular.woff",
									"isInheritable": false,
									"position": 10
								},
								{
									"type": "label",
									"name": "customResourceProvider",
									"value": "fonts/roboto-slab-v11-latin-regular.woff",
									"isInheritable": false,
									"position": 20
								}
							],
							"dataFileName": "roboto-slab-v11-latin-regular.woff"
						},
						{
							"isClone": false,
							"noteId": "BRvVNcj9SrC4",
							"notePath": [
								"chUaEmhOPlor",
								"ZVs8tl43IT4O",
								"BRvVNcj9SrC4"
							],
							"title": "roboto-slab-v11-latin-200.woff",
							"notePosition": 20,
							"prefix": null,
							"isExpanded": 0,
							"type": "file",
							"mime": "font/woff",
							"attributes": [
								{
									"type": "label",
									"name": "customResourceProvider",
									"value": "fonts/roboto-slab-v11-latin-200.woff",
									"isInheritable": false,
									"position": 20
								},
								{
									"type": "label",
									"name": "originalFileName",
									"value": "roboto-slab-v11-latin-200.woff",
									"isInheritable": false,
									"position": 1
								}
							],
							"dataFileName": "roboto-slab-v11-latin-200.woff"
						},
						{
							"isClone": false,
							"noteId": "W0jsYarIpeAi",
							"notePath": [
								"chUaEmhOPlor",
								"ZVs8tl43IT4O",
								"W0jsYarIpeAi"
							],
							"title": "roboto-slab-v11-latin-300.woff",
							"notePosition": 30,
							"prefix": null,
							"isExpanded": 0,
							"type": "file",
							"mime": "font/woff",
							"attributes": [
								{
									"type": "label",
									"name": "originalFileName",
									"value": "roboto-slab-v11-latin-300.woff",
									"isInheritable": false,
									"position": 10
								},
								{
									"type": "label",
									"name": "customResourceProvider",
									"value": "fonts/roboto-slab-v11-latin-300.woff",
									"isInheritable": false,
									"position": 20
								}
							],
							"dataFileName": "roboto-slab-v11-latin-300.woff"
						}
					]
				}
			]
		},
		{
			"noImport": true,
			"dataFileName": "navigation.html"
		},
		{
			"noImport": true,
			"dataFileName": "index.html"
		},
		{
			"noImport": true,
			"dataFileName": "style.css"
		}
	]
}